사건,접수번호,품목,사람이지목한기준,사람이지목한절,시스템순위,시스템조항,판정
"5554","(25)1","스케이트보드","안전확인 부속서 72(전동보드)","5.3.5","","","못찾음"
"5554","(25)1","스케이트보드","안전확인 부속서 72(전동보드)","5.3.8","","","못찾음"
"5554","(25)1","스케이트보드","안전확인 부속서 72(전동보드)","5.3.9","","","못찾음"
"5554","(25)1","스케이트보드","KC 62133-2","7.3.2","","","못찾음"
"5554","(25)1","스케이트보드","KC 62133-2","7.3.6","","","못찾음"
"5554","(25)1","스케이트보드","KC 62133-2","7.3.8.1","","","못찾음"
"5554","(25)1","스케이트보드","KC 62133-2","7.3.8.2","","","못찾음"
"5555","(25)10","전기요","KC 60335-2-17","21","","","못찾음"
"5553","(25)11","전기머리인두","KC 60335-1","15","","","못찾음"
"5553","(25)11","전기머리인두","KC 60335-2-23","15","","","못찾음"
"5553","(25)11","전기머리인두","KC 60335-1","16","","","못찾음"
"5553","(25)11","전기머리인두","KC 60335-2-23","16","","","못찾음"
"5556","(25)13","직류전원장치","KC 62368-1","5","","","못찾음"
"5556","(25)13","직류전원장치","KC 62368-1","9","","","못찾음"
"5556","(25)13","직류전원장치","KC 62368-1","B.1","","","못찾음"
"5556","(25)13","직류전원장치","KC 62368-1","B.2","","","못찾음"
"5556","(25)13","직류전원장치","KC 62368-1","B.3","","","못찾음"
"5556","(25)13","직류전원장치","KC 62368-1","B.4","","","못찾음"
"5557","(25)14","완구","안전확인 부속서 6(완구)","4.1","","","못찾음"
"5557","(25)14","완구","안전확인 부속서 6(완구)","4.2","","","못찾음"
"5557","(25)14","완구","안전확인 부속서 6(완구)","4.3","","","못찾음"
"5557","(25)14","완구","안전확인 부속서 6(완구)","4.3.12.1","","","못찾음"
"5557","(25)14","완구","안전확인 부속서 6(완구)","4.4","","","못찾음"
"5557","(25)14","완구","안전확인 부속서 6(완구)","4.6.4","","","못찾음"
"5557","(25)14","완구","안전확인 부속서 6(완구)","4.7","","","못찾음"
"5557","(25)14","완구","안전확인 부속서 6(완구)","5.24.7","","","못찾음"
"5559","(25)16","전기매트","KC 60335-2-17","11","15","11.4","찾음(11.4=15위)"
"5559","(25)16","전기매트","KC 60335-2-17","19","14 6","19.102 19.113","찾음(19.102=14위, 19.113=6위)"
"5560","(25)17","가습기","KC 60335-1","10","","","못찾음"
"5560","(25)17","가습기","KC 60335-2-98","10","","","못찾음"
"5560","(25)17","가습기","KC 60335-1","11","10 11 1 13 14 16 3 7","11.1 11.2 11.3 11.4 11.5 11.6 11.7 11.8","찾음(11.1=10위, 11.2=11위, 11.3=1위, 11.4=13위, 11.5=14위, 11.6=16위, 11.7=3위, 11.8=7위)"
"5560","(25)17","가습기","KC 60335-2-98","11","","","못찾음"
"5560","(25)17","가습기","KC 60335-1","19","9 5 19 6 8 2 12 15 17","19 19.1 19.2 19.3 19.6 19.8 19.11.4.4 19.12 19.15","찾음(19=9위, 19.1=5위, 19.2=19위, 19.3=6위, 19.6=8위, 19.8=2위, 19.11.4.4=12위, 19.12=15위, 19.15=17위)"
"5560","(25)17","가습기","KC 60335-2-98","19","","","못찾음"
"5560","(25)17","가습기","KC 60335-1","22","18 20","22.20 22.32","찾음(22.20=18위, 22.32=20위)"
"5560","(25)17","가습기","KC 60335-2-98","22","","","못찾음"
"5561","(25)18","모발건조기","KC 60335-1","15","","","못찾음"
"5561","(25)18","모발건조기","KC 60335-2-23","15","","","못찾음"
"5561","(25)18","모발건조기","KC 60335-1","16","","","못찾음"
"5561","(25)18","모발건조기","KC 60335-2-23","16","","","못찾음"
"5562","(25)19","전기요","KC 60335-2-17","11","12","11.4","찾음(11.4=12위)"
"5562","(25)19","전기요","KC 60335-2-17","19","9","19.113","찾음(19.113=9위)"
"5563","(25)20","유아용 섬유제품","안전확인 부속서 6(완구)","4.13.1","","","못찾음"
"5563","(25)20","유아용 섬유제품","안전확인 부속서 6(완구)","4.13.2","","","못찾음"
"5564","(25)22","완구","안전확인 부속서 6(완구)","4.6.1","12","4.6.1","찾음(4.6.1=12위)"
"5564","(25)22","완구","안전확인 부속서 6(완구)","4.6.3","","","못찾음"
"5564","(25)22","완구","안전확인 부속서 6(완구)","4.6.4","","","못찾음"
"5564","(25)22","완구","안전확인 부속서 6(완구)","4.7.1","5","4.7.1.3","찾음(4.7.1.3=5위)"
"5564","(25)22","완구","안전확인 부속서 6(완구)","4.2","","","못찾음"
"5565","(25)24","전기자전거","안전확인 부속서 40(이륜자전거)","6.11.1","","","못찾음"
"5565","(25)24","전기자전거","안전확인 부속서 40(이륜자전거)","6.11.2","","","못찾음"
"5565","(25)24","전기자전거","안전확인 부속서 40(이륜자전거)","6.11.3","","","못찾음"
"5565","(25)24","전기자전거","안전확인 부속서 40(이륜자전거)","1","","","못찾음"
"5565","(25)24","전기자전거","안전확인 부속서 40(이륜자전거)","3","","","못찾음"
"5566","(25)27","전격살충기","KC 62133-2","7.3.6","","","못찾음"
"5566","(25)27","전격살충기","KC 60335-1","19","10 11 2","19 19.1 19.13","찾음(19=10위, 19.1=11위, 19.13=2위)"
"5567","(25)28","눈 마사지기","안전확인 부속서 74(가정용 미용기기)","6.1.2","","","못찾음"
"5567","(25)28","눈 마사지기","KC 60335-2-17","11","","","못찾음"
"5581","(25)3","스케이트보드","안전확인 부속서 72(전동보드)","5.3.5","","","못찾음"
"5581","(25)3","스케이트보드","안전확인 부속서 72(전동보드)","5.3.8","","","못찾음"
"5581","(25)3","스케이트보드","안전확인 부속서 72(전동보드)","5.3.9","15","5.3.9","찾음(5.3.9=15위)"
"5574","(25)35","전지","KC 62133-2","7.3.2","15","7.3.2","찾음(7.3.2=15위)"
"5574","(25)35","전지","KC 62133-2","7.3.6","5","7.3.6","찾음(7.3.6=5위)"
"5575","(25)36","구강세척기","KC 60335-1","15","","","못찾음"
"5575","(25)36","구강세척기","KC 60335-2-52","15","15","15","찾음(15=15위)"
"5575","(25)36","구강세척기","KC 60335-1","16","","","못찾음"
"5575","(25)36","구강세척기","KC 60335-2-52","16","","","못찾음"
"5577","(25)37","전기레인지","KC 60335-2-6","11","","","못찾음"
"5577","(25)37","전기레인지","KC 60335-2-6","24","","","못찾음"
"5579","(25)38","전지","KC 62133-2","5.2","","","못찾음"
"5579","(25)38","전지","KC 62133-2","7.3.2","","","못찾음"
"5579","(25)38","전지","KC 62133-2","7.3.6","20","7.3.6","찾음(7.3.6=20위)"
"5580","(25)39","눈마사지기","KC 60335-2-17","11","","","못찾음"
"5580","(25)39","눈마사지기","안전확인 부속서 74(가정용 미용기기)","6.1.2","","","못찾음"
"5591","(25)4","전기자전거","KC 62368-1","5","19","5.5.7","찾음(5.5.7=19위)"
"5591","(25)4","전기자전거","KC 62368-1","9","","","못찾음"
"5591","(25)4","전기자전거","KC 62368-1","B.1","","","못찾음"
"5591","(25)4","전기자전거","KC 62368-1","B.2","","","못찾음"
"5591","(25)4","전기자전거","KC 62368-1","B.3","","","못찾음"
"5591","(25)4","전기자전거","KC 62368-1","B.4","","","못찾음"
"5587","(25)46","전지 보조배터리","KC 62133-2","7.3.2","","","못찾음"
"5587","(25)46","전지 보조배터리","KC 62133-2","7.3.6","","","못찾음"
"5588","(25)47","완구","안전확인 부속서 6(완구)","4.15.1.1","","","못찾음"
"5588","(25)47","완구","안전확인 부속서 6(완구)","4.15.1.3","","","못찾음"
"5590","(25)49","완구","안전확인 부속서 6(완구)","7.2","","","못찾음"
"5592","(25)5","직류전원장치","KC 62368-1","5","9 5","5.4.2.3.2.5 5.6.4.2.3","찾음(5.4.2.3.2.5=9위, 5.6.4.2.3=5위)"
"5592","(25)5","직류전원장치","KC 62368-1","9","","","못찾음"
"5592","(25)5","직류전원장치","KC 62368-1","B.1","","","못찾음"
"5592","(25)5","직류전원장치","KC 62368-1","B.2","","","못찾음"
"5592","(25)5","직류전원장치","KC 62368-1","B.3","","","못찾음"
"5592","(25)5","직류전원장치","KC 62368-1","B.4","","","못찾음"
"5593","(25)50","전기요","KC 60335-2-17","11","6","11.4","찾음(11.4=6위)"
"5593","(25)50","전기요","KC 60335-2-17","19","11 3 10","19.13 19.111 19.113","찾음(19.13=11위, 19.111=3위, 19.113=10위)"
"5593","(25)50","전기요","KC 60335-2-17","21","4","21.105","찾음(21.105=4위)"
"5594","(25)52","스팀다리미","KC 60335-1","19","5 7 4 16 6 17 19 20","19 19.1 19.2 19.3 19.4 19.6 19.8 19.11","찾음(19=5위, 19.1=7위, 19.2=4위, 19.3=16위, 19.4=6위, 19.6=17위, 19.8=19위, 19.11=20위)"
"5594","(25)52","스팀다리미","KC 60335-2-52","19","","","못찾음"
"5595","(25)54","전기레인지","KC 60335-2-6","19","5","19.2","찾음(19.2=5위)"
"5596","(25)55","전기레인지","KC 60335-2-9","11","","","못찾음"
"5596","(25)55","전기레인지","KC 60335-2-9","19","","","못찾음"
"5597","(25)56","전기찜질기","KC 60335-2-17","11","","","못찾음"
"5598","(25)57","전지(가정용","KC 62133-2","7.3.2","","","못찾음"
"5598","(25)57","전지(가정용","KC 62133-2","7.3.6","","","못찾음"
"5599","(25)58","전지","KC 62133-2","7.3.2","11","7.3.2","찾음(7.3.2=11위)"
"5600","(25)61","전지 (비대상)","KC 62133-2","7.3.2","20","7.3.2","찾음(7.3.2=20위)"
"5600","(25)61","전지 (비대상)","KC 62133-2","7.3.6","6","7.3.6","찾음(7.3.6=6위)"
"5600","(25)61","전지 (비대상)","KC 60335-2-15","19","","","못찾음"
"5601","(25)7","전기찜질기","KC 60335-1","11","11 13 7 14 1","11.1 11.2 11.3 11.7 11.8","찾음(11.1=11위, 11.2=13위, 11.3=7위, 11.7=14위, 11.8=1위)"
"5601","(25)7","전기찜질기","KC 60335-2-17","11","12 5 15 8","11.3 11.8 11.103 11.3","찾음(11.3=12위, 11.8=5위, 11.103=15위, 11.3=8위)"
"5601","(25)7","전기찜질기","KC 60335-1","19","10 17 9 19 2","19 19.4 19.6 19.8 19.13","찾음(19=10위, 19.4=17위, 19.6=9위, 19.8=19위, 19.13=2위)"
"5601","(25)7","전기찜질기","KC 60335-2-17","19","","","못찾음"
"5607","(25)9","(비대상)종아리마사지기","KC 60335-2-17","11","","","못찾음"
"5607","(25)9","(비대상)종아리마사지기","KC 60335-2-17","19","","","못찾음"
"5615","(26)1","전지","KC 62133-2","7.3.6","6","7.3.6","찾음(7.3.6=6위)"
"5615","(26)1","전지","KC 62133-2","7.3.2","18","7.3.2","찾음(7.3.2=18위)"
"5608","(26)11","전기스토브","KC 60335-1","10","","","못찾음"
"5608","(26)11","전기스토브","KC 60335-1","11","13 6 4 3 16 1","11.1 11.2 11.3 11.4 11.7 11.8","찾음(11.1=13위, 11.2=6위, 11.3=4위, 11.4=3위, 11.7=16위, 11.8=1위)"
"5608","(26)11","전기스토브","KC 60335-1","30","2 5","30.2.1 30.2.3.2","찾음(30.2.1=2위, 30.2.3.2=5위)"
"5609","(26)12","전기물끓이기","KC 60335-1","21","","","못찾음"
"5609","(26)12","전기물끓이기","KC 60335-1","22","13 10 9 12","22 22.10 22.22 22.38","찾음(22=13위, 22.10=10위, 22.22=9위, 22.38=12위)"
"5610","(26)14","(비대상)","KC 60335-1","11","7 8 3 12 14 10 1 5","11.1 11.2 11.3 11.4 11.5 11.7 11.8 11.8","찾음(11.1=7위, 11.2=8위, 11.3=3위, 11.4=12위, 11.5=14위, 11.7=10위, 11.8=1위, 11.8=5위)"
"5610","(26)14","(비대상)","KC 60335-2-17","11","","","못찾음"
"5614","(26)19","전기주전자","KC 60335-1","21","","","못찾음"
"5614","(26)19","전기주전자","KC 60335-2-15","21","","","못찾음"
"5619","(26)2","전지 보조배터리","KC 62133-2","7.3.6","2","7.3.6","찾음(7.3.6=2위)"
"5619","(26)2","전지 보조배터리","KC 62133-2","7.3.2","19","7.3.2","찾음(7.3.2=19위)"
"5616","(26)20","전기요","안전확인 부속서 1(유아용 섬유제품)","5.2","4","5.2","찾음(5.2=4위)"
"5617","(26)21","(비대상)","KC 62368-1","B.2","","","못찾음"
"5618","(26)27","가습기","KC 60335-1","19","11 20 2 10 13 14 9 3 19","19 19.1 19.2 19.3 19.4 19.6 19.8 19.13 19.15","찾음(19=11위, 19.1=20위, 19.2=2위, 19.3=10위, 19.4=13위, 19.6=14위, 19.8=9위, 19.13=3위, 19.15=19위)"
"5618","(26)27","가습기","KC 60335-2-98","19","","","못찾음"
"5620","(26)3","전지 보조배터리","KC 62133-2","7.3.2","","","못찾음"
"5620","(26)3","전지 보조배터리","KC 62133-2","7.3.6","","","못찾음"
"5620","(26)3","전지 보조배터리","KC 62133-2","7.3.3","","","못찾음"
"5622","(26)5","전기요","KC 60335-2-17","11","","","못찾음"
"5622","(26)5","전기요","KC 60335-2-17","19","","","못찾음"
"5623","(26)7","전기방석","KC 60335-2-17","11","","","못찾음"
"5623","(26)7","전기방석","KC 60335-2-17","19","","","못찾음"
"5623","(26)7","전기방석","KC 60335-2-17","21","","","못찾음"
